-- Complete Seed Data: 40 LeetCode + 10 ML System Design Questions
-- Optimized for Meta & Atlassian Senior ML Engineer Interviews
-- Generated by generate_seed_sql.py
-- 
-- Distribution:
--   LeetCode: 5 Easy, 27 Medium, 8 Hard = 40 Total
--   ML Design: 10 questions
--
-- Meta-specific additions: Sparse Vectors, K Closest Points, Buildings with Ocean View, etc.
-- Atlassian-specific: Search/Discovery system for Jira/Confluence

-- Ensure categories exist
INSERT OR IGNORE INTO question_categories (id, name, description) VALUES
    (1, 'leetcode', 'LeetCode-style coding problems'),
    (2, 'ml_system_design', 'Machine Learning System Design questions');

-- ============================================
-- LEETCODE QUESTIONS
-- ============================================

-- Question 1: Two Sum
-- Two Sum (EASY)
INSERT INTO questions (id, category_id, title, difficulty, description, constraints, examples, tags) VALUES
(1, 1, 'Two Sum', 'easy',
'Given an array of integers nums and an integer target, return indices of the two numbers such that they add up to target.

You may assume that each input would have exactly one solution, and you may not use the same element twice.

You can return the answer in any order.',
'["2 <= nums.length <= 10^4", "-10^9 <= nums[i] <= 10^9", "-10^9 <= target <= 10^9", "Only one valid answer exists"]',
'[{"input": {"nums": [2, 7, 11, 15], "target": 9}, "output": [0, 1], "explanation": "Because nums[0] + nums[1] == 9, we return [0, 1]."}, {"input": {"nums": [3, 2, 4], "target": 6}, "output": [1, 2], "explanation": "Because nums[1] + nums[2] == 6, we return [1, 2]."}]',
'["array", "hash-table"]');

INSERT INTO leetcode_questions (question_id, function_signature_python, function_signature_java, function_signature_cpp, test_cases, expected_time_complexity, expected_space_complexity) VALUES
(1,
'class Solution:
    def twoSum(self, nums: List[int], target: int) -> List[int]:
        pass',
'class Solution {
    public int[] twoSum(int[] nums, int target) {
        
    }
}',
'class Solution {
public:
    vector<int> twoSum(vector<int>& nums, int target) {
        
    }
};',
'[{"input": [[2, 7, 11, 15], 9], "expectedOutput": [0, 1]}, {"input": [[3, 2, 4], 6], "expectedOutput": [1, 2]}, {"input": [[3, 3], 6], "expectedOutput": [0, 1]}]',
'O(n)',
'O(n)');


-- Question 2: Valid Parentheses
-- Valid Parentheses (EASY)
INSERT INTO questions (id, category_id, title, difficulty, description, constraints, examples, tags) VALUES
(2, 1, 'Valid Parentheses', 'easy',
'Given a string s containing just the characters ''('', '')'', ''{'', ''}'', ''['' and '']'', determine if the input string is valid.

An input string is valid if:
1. Open brackets must be closed by the same type of brackets.
2. Open brackets must be closed in the correct order.
3. Every close bracket has a corresponding open bracket of the same type.',
'["1 <= s.length <= 10^4", "s consists of parentheses only ''()[]{}''"]',
'[{"input": {"s": "()"}, "output": true, "explanation": "The string is valid."}, {"input": {"s": "()[]{}"}, "output": true, "explanation": "All brackets are properly closed."}, {"input": {"s": "(]"}, "output": false, "explanation": "Mismatched brackets."}]',
'["string", "stack"]');

INSERT INTO leetcode_questions (question_id, function_signature_python, function_signature_java, function_signature_cpp, test_cases, expected_time_complexity, expected_space_complexity) VALUES
(2,
'class Solution:
    def isValid(self, s: str) -> bool:
        pass',
'class Solution {
    public boolean isValid(String s) {
        
    }
}',
'class Solution {
public:
    bool isValid(string s) {
        
    }
};',
'[{"input": ["()"], "expectedOutput": true}, {"input": ["()[]{}"], "expectedOutput": true}, {"input": ["(]"], "expectedOutput": false}, {"input": ["([)]"], "expectedOutput": false}]',
'O(n)',
'O(n)');


-- Question 3: Best Time to Buy and Sell Stock
-- Best Time to Buy and Sell Stock (EASY)
INSERT INTO questions (id, category_id, title, difficulty, description, constraints, examples, tags) VALUES
(3, 1, 'Best Time to Buy and Sell Stock', 'easy',
'You are given an array prices where prices[i] is the price of a given stock on the ith day.

You want to maximize your profit by choosing a single day to buy one stock and choosing a different day in the future to sell that stock.

Return the maximum profit you can achieve from this transaction. If you cannot achieve any profit, return 0.',
'["1 <= prices.length <= 10^5", "0 <= prices[i] <= 10^4"]',
'[{"input": {"prices": [7, 1, 5, 3, 6, 4]}, "output": 5, "explanation": "Buy on day 2 (price = 1) and sell on day 5 (price = 6), profit = 6-1 = 5."}, {"input": {"prices": [7, 6, 4, 3, 1]}, "output": 0, "explanation": "In this case, no transactions are done and the max profit = 0."}]',
'["array", "dynamic-programming"]');

INSERT INTO leetcode_questions (question_id, function_signature_python, function_signature_java, function_signature_cpp, test_cases, expected_time_complexity, expected_space_complexity) VALUES
(3,
'class Solution:
    def maxProfit(self, prices: List[int]) -> int:
        pass',
'class Solution {
    public int maxProfit(int[] prices) {
        
    }
}',
'class Solution {
public:
    int maxProfit(vector<int>& prices) {
        
    }
};',
'[{"input": [[7, 1, 5, 3, 6, 4]], "expectedOutput": 5}, {"input": [[7, 6, 4, 3, 1]], "expectedOutput": 0}]',
'O(n)',
'O(1)');


-- Question 4: Climbing Stairs
-- Climbing Stairs (EASY)
INSERT INTO questions (id, category_id, title, difficulty, description, constraints, examples, tags) VALUES
(4, 1, 'Climbing Stairs', 'easy',
'You are climbing a staircase. It takes n steps to reach the top.

Each time you can either climb 1 or 2 steps. In how many distinct ways can you climb to the top?',
'["1 <= n <= 45"]',
'[{"input": {"n": 2}, "output": 2, "explanation": "There are two ways: 1. 1 step + 1 step, 2. 2 steps"}, {"input": {"n": 3}, "output": 3, "explanation": "There are three ways: 1. 1+1+1, 2. 1+2, 3. 2+1"}]',
'["dynamic-programming", "math"]');

INSERT INTO leetcode_questions (question_id, function_signature_python, function_signature_java, function_signature_cpp, test_cases, expected_time_complexity, expected_space_complexity) VALUES
(4,
'class Solution:
    def climbStairs(self, n: int) -> int:
        pass',
'class Solution {
    public int climbStairs(int n) {
        
    }
}',
'class Solution {
public:
    int climbStairs(int n) {
        
    }
};',
'[{"input": [2], "expectedOutput": 2}, {"input": [3], "expectedOutput": 3}, {"input": [4], "expectedOutput": 5}]',
'O(n)',
'O(1)');


-- Question 5: Linked List Cycle
-- Linked List Cycle (EASY)
INSERT INTO questions (id, category_id, title, difficulty, description, constraints, examples, tags) VALUES
(5, 1, 'Linked List Cycle', 'easy',
'Given head, the head of a linked list, determine if the linked list has a cycle in it.

There is a cycle in a linked list if there is some node in the list that can be reached again by continuously following the next pointer.',
'["The number of the nodes in the list is in the range [0, 10^4]", "-10^5 <= Node.val <= 10^5", "pos is -1 or a valid index in the linked-list"]',
'[{"input": {"head": [3, 2, 0, -4], "pos": 1}, "output": true, "explanation": "There is a cycle where the tail connects to the 1st node."}, {"input": {"head": [1], "pos": -1}, "output": false, "explanation": "There is no cycle in the linked list."}]',
'["linked-list", "two-pointers", "hash-table"]');

INSERT INTO leetcode_questions (question_id, function_signature_python, function_signature_java, function_signature_cpp, test_cases, expected_time_complexity, expected_space_complexity) VALUES
(5,
'class Solution:
    def hasCycle(self, head: Optional[ListNode]) -> bool:
        pass',
'class Solution {
    public boolean hasCycle(ListNode head) {
        
    }
}',
'class Solution {
public:
    bool hasCycle(ListNode *head) {
        
    }
};',
'[{"input": [[3, 2, 0, -4], 1], "expectedOutput": true}, {"input": [[1, 2], 0], "expectedOutput": true}, {"input": [[1], -1], "expectedOutput": false}]',
'O(n)',
'O(1)');


-- Question 6: Longest Substring Without Repeating Characters
-- Longest Substring Without Repeating Characters (MEDIUM)
INSERT INTO questions (id, category_id, title, difficulty, description, constraints, examples, tags) VALUES
(6, 1, 'Longest Substring Without Repeating Characters', 'medium',
'Given a string s, find the length of the longest substring without repeating characters.',
'["0 <= s.length <= 5 * 10^4", "s consists of English letters, digits, symbols and spaces"]',
'[{"input": {"s": "abcabcbb"}, "output": 3, "explanation": "The answer is ''abc'', with the length of 3."}, {"input": {"s": "bbbbb"}, "output": 1, "explanation": "The answer is ''b'', with the length of 1."}]',
'["string", "sliding-window", "hash-table"]');

INSERT INTO leetcode_questions (question_id, function_signature_python, function_signature_java, function_signature_cpp, test_cases, expected_time_complexity, expected_space_complexity) VALUES
(6,
'class Solution:
    def lengthOfLongestSubstring(self, s: str) -> int:
        pass',
'class Solution {
    public int lengthOfLongestSubstring(String s) {
        
    }
}',
'class Solution {
public:
    int lengthOfLongestSubstring(string s) {
        
    }
};',
'[{"input": ["abcabcbb"], "expectedOutput": 3}, {"input": ["bbbbb"], "expectedOutput": 1}, {"input": ["pwwkew"], "expectedOutput": 3}]',
'O(n)',
'O(min(m,n))');


-- Question 7: Add Two Numbers
-- Add Two Numbers (MEDIUM)
INSERT INTO questions (id, category_id, title, difficulty, description, constraints, examples, tags) VALUES
(7, 1, 'Add Two Numbers', 'medium',
'You are given two non-empty linked lists representing two non-negative integers. The digits are stored in reverse order, and each of their nodes contains a single digit. Add the two numbers and return the sum as a linked list.

You may assume the two numbers do not contain any leading zero, except the number 0 itself.',
'["The number of nodes in each linked list is in the range [1, 100]", "0 <= Node.val <= 9", "It is guaranteed that the list represents a number that does not have leading zeros"]',
'[{"input": {"l1": [2, 4, 3], "l2": [5, 6, 4]}, "output": [7, 0, 8], "explanation": "342 + 465 = 807."}, {"input": {"l1": [0], "l2": [0]}, "output": [0], "explanation": "0 + 0 = 0."}]',
'["linked-list", "math", "recursion"]');

INSERT INTO leetcode_questions (question_id, function_signature_python, function_signature_java, function_signature_cpp, test_cases, expected_time_complexity, expected_space_complexity) VALUES
(7,
'class Solution:
    def addTwoNumbers(self, l1: Optional[ListNode], l2: Optional[ListNode]) -> Optional[ListNode]:
        pass',
'class Solution {
    public ListNode addTwoNumbers(ListNode l1, ListNode l2) {
        
    }
}',
'class Solution {
public:
    ListNode* addTwoNumbers(ListNode* l1, ListNode* l2) {
        
    }
};',
'[{"input": [[2, 4, 3], [5, 6, 4]], "expectedOutput": [7, 0, 8]}, {"input": [[0], [0]], "expectedOutput": [0]}, {"input": [[9, 9, 9], [9, 9, 9, 9]], "expectedOutput": [8, 9, 9, 0, 1]}]',
'O(max(m,n))',
'O(max(m,n))');


-- Question 8: Container With Most Water
-- Container With Most Water (MEDIUM)
INSERT INTO questions (id, category_id, title, difficulty, description, constraints, examples, tags) VALUES
(8, 1, 'Container With Most Water', 'medium',
'You are given an integer array height of length n. There are n vertical lines drawn such that the two endpoints of the ith line are (i, 0) and (i, height[i]).

Find two lines that together with the x-axis form a container, such that the container contains the most water.

Return the maximum amount of water a container can store.',
'["n == height.length", "2 <= n <= 10^5", "0 <= height[i] <= 10^4"]',
'[{"input": {"height": [1, 8, 6, 2, 5, 4, 8, 3, 7]}, "output": 49, "explanation": "The max area is between index 1 (height 8) and index 8 (height 7)."}]',
'["array", "two-pointers", "greedy"]');

INSERT INTO leetcode_questions (question_id, function_signature_python, function_signature_java, function_signature_cpp, test_cases, expected_time_complexity, expected_space_complexity) VALUES
(8,
'class Solution:
    def maxArea(self, height: List[int]) -> int:
        pass',
'class Solution {
    public int maxArea(int[] height) {
        
    }
}',
'class Solution {
public:
    int maxArea(vector<int>& height) {
        
    }
};',
'[{"input": [[1, 8, 6, 2, 5, 4, 8, 3, 7]], "expectedOutput": 49}, {"input": [[1, 1]], "expectedOutput": 1}, {"input": [[4, 3, 2, 1, 4]], "expectedOutput": 16}]',
'O(n)',
'O(1)');


-- Question 9: 3Sum
-- 3Sum (MEDIUM)
INSERT INTO questions (id, category_id, title, difficulty, description, constraints, examples, tags) VALUES
(9, 1, '3Sum', 'medium',
'Given an integer array nums, return all the triplets [nums[i], nums[j], nums[k]] such that i != j, i != k, and j != k, and nums[i] + nums[j] + nums[k] == 0.

Notice that the solution set must not contain duplicate triplets.',
'["3 <= nums.length <= 3000", "-10^5 <= nums[i] <= 10^5"]',
'[{"input": {"nums": [-1, 0, 1, 2, -1, -4]}, "output": [[-1, -1, 2], [-1, 0, 1]], "explanation": "The distinct triplets are [-1,0,1] and [-1,-1,2]."}, {"input": {"nums": [0, 1, 1]}, "output": [], "explanation": "The only possible triplet does not sum up to 0."}]',
'["array", "two-pointers", "sorting"]');

INSERT INTO leetcode_questions (question_id, function_signature_python, function_signature_java, function_signature_cpp, test_cases, expected_time_complexity, expected_space_complexity) VALUES
(9,
'class Solution:
    def threeSum(self, nums: List[int]) -> List[List[int]]:
        pass',
'class Solution {
    public List<List<Integer>> threeSum(int[] nums) {
        
    }
}',
'class Solution {
public:
    vector<vector<int>> threeSum(vector<int>& nums) {
        
    }
};',
'[{"input": [[-1, 0, 1, 2, -1, -4]], "expectedOutput": [[-1, -1, 2], [-1, 0, 1]]}, {"input": [[0, 1, 1]], "expectedOutput": []}, {"input": [[0, 0, 0]], "expectedOutput": [[0, 0, 0]]}]',
'O(n^2)',
'O(1)');


-- Question 10: Group Anagrams
-- Group Anagrams (MEDIUM)
INSERT INTO questions (id, category_id, title, difficulty, description, constraints, examples, tags) VALUES
(10, 1, 'Group Anagrams', 'medium',
'Given an array of strings strs, group the anagrams together. You can return the answer in any order.

An Anagram is a word or phrase formed by rearranging the letters of a different word or phrase, typically using all the original letters exactly once.',
'["1 <= strs.length <= 10^4", "0 <= strs[i].length <= 100", "strs[i] consists of lowercase English letters"]',
'[{"input": {"strs": ["eat", "tea", "tan", "ate", "nat", "bat"]}, "output": [["bat"], ["nat", "tan"], ["ate", "eat", "tea"]], "explanation": "Group words that are anagrams."}]',
'["array", "hash-table", "string", "sorting"]');

INSERT INTO leetcode_questions (question_id, function_signature_python, function_signature_java, function_signature_cpp, test_cases, expected_time_complexity, expected_space_complexity) VALUES
(10,
'class Solution:
    def groupAnagrams(self, strs: List[str]) -> List[List[str]]:
        pass',
'class Solution {
    public List<List<String>> groupAnagrams(String[] strs) {
        
    }
}',
'class Solution {
public:
    vector<vector<string>> groupAnagrams(vector<string>& strs) {
        
    }
};',
'[{"input": [["eat", "tea", "tan", "ate", "nat", "bat"]], "expectedOutput": [["bat"], ["nat", "tan"], ["ate", "eat", "tea"]]}, {"input": [[""]], "expectedOutput": [[""]]}, {"input": [["a"]], "expectedOutput": [["a"]]}]',
'O(n*k)',
'O(n*k)');


-- Question 11: Longest Palindromic Substring
-- Longest Palindromic Substring (MEDIUM)
INSERT INTO questions (id, category_id, title, difficulty, description, constraints, examples, tags) VALUES
(11, 1, 'Longest Palindromic Substring', 'medium',
'Given a string s, return the longest palindromic substring in s.',
'["1 <= s.length <= 1000", "s consist of only digits and English letters"]',
'[{"input": {"s": "babad"}, "output": "bab", "explanation": "Note: ''aba'' is also a valid answer."}, {"input": {"s": "cbbd"}, "output": "bb", "explanation": "The longest palindrome is ''bb''."}]',
'["string", "dynamic-programming"]');

INSERT INTO leetcode_questions (question_id, function_signature_python, function_signature_java, function_signature_cpp, test_cases, expected_time_complexity, expected_space_complexity) VALUES
(11,
'class Solution:
    def longestPalindrome(self, s: str) -> str:
        pass',
'class Solution {
    public String longestPalindrome(String s) {
        
    }
}',
'class Solution {
public:
    string longestPalindrome(string s) {
        
    }
};',
'[{"input": ["babad"], "expectedOutput": "bab"}, {"input": ["cbbd"], "expectedOutput": "bb"}, {"input": ["a"], "expectedOutput": "a"}]',
'O(n^2)',
'O(1)');


-- Question 12: Product of Array Except Self
-- Product of Array Except Self (MEDIUM)
INSERT INTO questions (id, category_id, title, difficulty, description, constraints, examples, tags) VALUES
(12, 1, 'Product of Array Except Self', 'medium',
'Given an integer array nums, return an array answer such that answer[i] is equal to the product of all the elements of nums except nums[i].

You must write an algorithm that runs in O(n) time and without using the division operation.',
'["2 <= nums.length <= 10^5", "-30 <= nums[i] <= 30", "The product of any prefix or suffix of nums is guaranteed to fit in a 32-bit integer"]',
'[{"input": {"nums": [1, 2, 3, 4]}, "output": [24, 12, 8, 6], "explanation": "answer[0] = 2*3*4 = 24, answer[1] = 1*3*4 = 12, etc."}]',
'["array", "prefix-sum"]');

INSERT INTO leetcode_questions (question_id, function_signature_python, function_signature_java, function_signature_cpp, test_cases, expected_time_complexity, expected_space_complexity) VALUES
(12,
'class Solution:
    def productExceptSelf(self, nums: List[int]) -> List[int]:
        pass',
'class Solution {
    public int[] productExceptSelf(int[] nums) {
        
    }
}',
'class Solution {
public:
    vector<int> productExceptSelf(vector<int>& nums) {
        
    }
};',
'[{"input": [[1, 2, 3, 4]], "expectedOutput": [24, 12, 8, 6]}, {"input": [[-1, 1, 0, -3, 3]], "expectedOutput": [0, 0, 9, 0, 0]}]',
'O(n)',
'O(1)');


-- Question 13: Spiral Matrix
-- Spiral Matrix (MEDIUM)
INSERT INTO questions (id, category_id, title, difficulty, description, constraints, examples, tags) VALUES
(13, 1, 'Spiral Matrix', 'medium',
'Given an m x n matrix, return all elements of the matrix in spiral order.',
'["m == matrix.length", "n == matrix[i].length", "1 <= m, n <= 10", "-100 <= matrix[i][j] <= 100"]',
'[{"input": {"matrix": [[1, 2, 3], [4, 5, 6], [7, 8, 9]]}, "output": [1, 2, 3, 6, 9, 8, 7, 4, 5], "explanation": "Traverse the matrix in spiral order."}]',
'["array", "matrix", "simulation"]');

INSERT INTO leetcode_questions (question_id, function_signature_python, function_signature_java, function_signature_cpp, test_cases, expected_time_complexity, expected_space_complexity) VALUES
(13,
'class Solution:
    def spiralOrder(self, matrix: List[List[int]]) -> List[int]:
        pass',
'class Solution {
    public List<Integer> spiralOrder(int[][] matrix) {
        
    }
}',
'class Solution {
public:
    vector<int> spiralOrder(vector<vector<int>>& matrix) {
        
    }
};',
'[{"input": [[[1, 2, 3], [4, 5, 6], [7, 8, 9]]], "expectedOutput": [1, 2, 3, 6, 9, 8, 7, 4, 5]}, {"input": [[[1, 2, 3, 4], [5, 6, 7, 8], [9, 10, 11, 12]]], "expectedOutput": [1, 2, 3, 4, 8, 12, 11, 10, 9, 5, 6, 7]}]',
'O(m*n)',
'O(1)');


-- Question 14: Rotate Image
-- Rotate Image (MEDIUM)
INSERT INTO questions (id, category_id, title, difficulty, description, constraints, examples, tags) VALUES
(14, 1, 'Rotate Image', 'medium',
'You are given an n x n 2D matrix representing an image, rotate the image by 90 degrees (clockwise).

You have to rotate the image in-place, which means you have to modify the input 2D matrix directly.',
'["n == matrix.length == matrix[i].length", "1 <= n <= 20", "-1000 <= matrix[i][j] <= 1000"]',
'[{"input": {"matrix": [[1, 2, 3], [4, 5, 6], [7, 8, 9]]}, "output": [[7, 4, 1], [8, 5, 2], [9, 6, 3]], "explanation": "Rotate 90 degrees clockwise."}]',
'["array", "matrix"]');

INSERT INTO leetcode_questions (question_id, function_signature_python, function_signature_java, function_signature_cpp, test_cases, expected_time_complexity, expected_space_complexity) VALUES
(14,
'class Solution:
    def rotate(self, matrix: List[List[int]]) -> None:
        pass',
'class Solution {
    public void rotate(int[][] matrix) {
        
    }
}',
'class Solution {
public:
    void rotate(vector<vector<int>>& matrix) {
        
    }
};',
'[{"input": [[[1, 2, 3], [4, 5, 6], [7, 8, 9]]], "expectedOutput": [[7, 4, 1], [8, 5, 2], [9, 6, 3]]}, {"input": [[[5, 1, 9, 11], [2, 4, 8, 10], [13, 3, 6, 7], [15, 14, 12, 16]]], "expectedOutput": [[15, 13, 2, 5], [14, 3, 4, 1], [12, 6, 8, 9], [16, 7, 10, 11]]}]',
'O(n^2)',
'O(1)');


-- Question 15: Set Matrix Zeroes
-- Set Matrix Zeroes (MEDIUM)
INSERT INTO questions (id, category_id, title, difficulty, description, constraints, examples, tags) VALUES
(15, 1, 'Set Matrix Zeroes', 'medium',
'Given an m x n integer matrix matrix, if an element is 0, set its entire row and column to 0''s.

You must do it in place.',
'["m == matrix.length", "n == matrix[0].length", "1 <= m, n <= 200", "-2^31 <= matrix[i][j] <= 2^31 - 1"]',
'[{"input": {"matrix": [[1, 1, 1], [1, 0, 1], [1, 1, 1]]}, "output": [[1, 0, 1], [0, 0, 0], [1, 0, 1]], "explanation": "Mark row and column of 0s."}]',
'["array", "matrix", "hash-table"]');

INSERT INTO leetcode_questions (question_id, function_signature_python, function_signature_java, function_signature_cpp, test_cases, expected_time_complexity, expected_space_complexity) VALUES
(15,
'class Solution:
    def setZeroes(self, matrix: List[List[int]]) -> None:
        pass',
'class Solution {
    public void setZeroes(int[][] matrix) {
        
    }
}',
'class Solution {
public:
    void setZeroes(vector<vector<int>>& matrix) {
        
    }
};',
'[{"input": [[[1, 1, 1], [1, 0, 1], [1, 1, 1]]], "expectedOutput": [[1, 0, 1], [0, 0, 0], [1, 0, 1]]}, {"input": [[[0, 1, 2, 0], [3, 4, 5, 2], [1, 3, 1, 5]]], "expectedOutput": [[0, 0, 0, 0], [0, 4, 5, 0], [0, 3, 1, 0]]}]',
'O(m*n)',
'O(1)');


-- Question 16: Subarray Sum Equals K
-- Subarray Sum Equals K (MEDIUM)
INSERT INTO questions (id, category_id, title, difficulty, description, constraints, examples, tags) VALUES
(16, 1, 'Subarray Sum Equals K', 'medium',
'Given an array of integers nums and an integer k, return the total number of subarrays whose sum equals to k.

A subarray is a contiguous non-empty sequence of elements within an array.',
'["1 <= nums.length <= 2 * 10^4", "-1000 <= nums[i] <= 1000", "-10^7 <= k <= 10^7"]',
'[{"input": {"nums": [1, 1, 1], "k": 2}, "output": 2, "explanation": "Subarrays [1,1] and [1,1] sum to 2."}, {"input": {"nums": [1, 2, 3], "k": 3}, "output": 2, "explanation": "Subarrays [1,2] and [3] sum to 3."}]',
'["array", "hash-table", "prefix-sum"]');

INSERT INTO leetcode_questions (question_id, function_signature_python, function_signature_java, function_signature_cpp, test_cases, expected_time_complexity, expected_space_complexity) VALUES
(16,
'class Solution:
    def subarraySum(self, nums: List[int], k: int) -> int:
        pass',
'class Solution {
    public int subarraySum(int[] nums, int k) {
        
    }
}',
'class Solution {
public:
    int subarraySum(vector<int>& nums, int k) {
        
    }
};',
'[{"input": [[1, 1, 1], 2], "expectedOutput": 2}, {"input": [[1, 2, 3], 3], "expectedOutput": 2}]',
'O(n)',
'O(n)');


-- Question 17: Maximum Subarray
-- Maximum Subarray (MEDIUM)
INSERT INTO questions (id, category_id, title, difficulty, description, constraints, examples, tags) VALUES
(17, 1, 'Maximum Subarray', 'medium',
'Given an integer array nums, find the subarray with the largest sum, and return its sum.',
'["1 <= nums.length <= 10^5", "-10^4 <= nums[i] <= 10^4"]',
'[{"input": {"nums": [-2, 1, -3, 4, -1, 2, 1, -5, 4]}, "output": 6, "explanation": "The subarray [4,-1,2,1] has the largest sum 6."}, {"input": {"nums": [1]}, "output": 1, "explanation": "The subarray [1] has the largest sum 1."}]',
'["array", "divide-and-conquer", "dynamic-programming"]');

INSERT INTO leetcode_questions (question_id, function_signature_python, function_signature_java, function_signature_cpp, test_cases, expected_time_complexity, expected_space_complexity) VALUES
(17,
'class Solution:
    def maxSubArray(self, nums: List[int]) -> int:
        pass',
'class Solution {
    public int maxSubArray(int[] nums) {
        
    }
}',
'class Solution {
public:
    int maxSubArray(vector<int>& nums) {
        
    }
};',
'[{"input": [[-2, 1, -3, 4, -1, 2, 1, -5, 4]], "expectedOutput": 6}, {"input": [[1]], "expectedOutput": 1}, {"input": [[5, 4, -1, 7, 8]], "expectedOutput": 23}]',
'O(n)',
'O(1)');


-- Question 18: Remove Nth Node From End of List
-- Remove Nth Node From End of List (MEDIUM)
INSERT INTO questions (id, category_id, title, difficulty, description, constraints, examples, tags) VALUES
(18, 1, 'Remove Nth Node From End of List', 'medium',
'Given the head of a linked list, remove the nth node from the end of the list and return its head.',
'["The number of nodes in the list is sz", "1 <= sz <= 30", "0 <= Node.val <= 100", "1 <= n <= sz"]',
'[{"input": {"head": [1, 2, 3, 4, 5], "n": 2}, "output": [1, 2, 3, 5], "explanation": "Remove 2nd node from end."}]',
'["linked-list", "two-pointers"]');

INSERT INTO leetcode_questions (question_id, function_signature_python, function_signature_java, function_signature_cpp, test_cases, expected_time_complexity, expected_space_complexity) VALUES
(18,
'class Solution:
    def removeNthFromEnd(self, head: Optional[ListNode], n: int) -> Optional[ListNode]:
        pass',
'class Solution {
    public ListNode removeNthFromEnd(ListNode head, int n) {
        
    }
}',
'class Solution {
public:
    ListNode* removeNthFromEnd(ListNode* head, int n) {
        
    }
};',
'[{"input": [[1, 2, 3, 4, 5], 2], "expectedOutput": [1, 2, 3, 5]}, {"input": [[1], 1], "expectedOutput": []}, {"input": [[1, 2], 1], "expectedOutput": [1]}]',
'O(n)',
'O(1)');


-- Question 19: Reverse Linked List II
-- Reverse Linked List II (MEDIUM)
INSERT INTO questions (id, category_id, title, difficulty, description, constraints, examples, tags) VALUES
(19, 1, 'Reverse Linked List II', 'medium',
'Given the head of a singly linked list and two integers left and right where left <= right, reverse the nodes of the list from position left to position right, and return the reversed list.',
'["The number of nodes in the list is n", "1 <= n <= 500", "-500 <= Node.val <= 500", "1 <= left <= right <= n"]',
'[{"input": {"head": [1, 2, 3, 4, 5], "left": 2, "right": 4}, "output": [1, 4, 3, 2, 5], "explanation": "Reverse nodes from position 2 to 4."}]',
'["linked-list"]');

INSERT INTO leetcode_questions (question_id, function_signature_python, function_signature_java, function_signature_cpp, test_cases, expected_time_complexity, expected_space_complexity) VALUES
(19,
'class Solution:
    def reverseBetween(self, head: Optional[ListNode], left: int, right: int) -> Optional[ListNode]:
        pass',
'class Solution {
    public ListNode reverseBetween(ListNode head, int left, int right) {
        
    }
}',
'class Solution {
public:
    ListNode* reverseBetween(ListNode* head, int left, int right) {
        
    }
};',
'[{"input": [[1, 2, 3, 4, 5], 2, 4], "expectedOutput": [1, 4, 3, 2, 5]}, {"input": [[5], 1, 1], "expectedOutput": [5]}]',
'O(n)',
'O(1)');


-- Question 20: Swap Nodes in Pairs
-- Swap Nodes in Pairs (MEDIUM)
INSERT INTO questions (id, category_id, title, difficulty, description, constraints, examples, tags) VALUES
(20, 1, 'Swap Nodes in Pairs', 'medium',
'Given a linked list, swap every two adjacent nodes and return its head. You must solve the problem without modifying the values in the list''s nodes.',
'["The number of nodes in the list is in the range [0, 100]", "0 <= Node.val <= 100"]',
'[{"input": {"head": [1, 2, 3, 4]}, "output": [2, 1, 4, 3], "explanation": "Swap adjacent pairs."}]',
'["linked-list", "recursion"]');

INSERT INTO leetcode_questions (question_id, function_signature_python, function_signature_java, function_signature_cpp, test_cases, expected_time_complexity, expected_space_complexity) VALUES
(20,
'class Solution:
    def swapPairs(self, head: Optional[ListNode]) -> Optional[ListNode]:
        pass',
'class Solution {
    public ListNode swapPairs(ListNode head) {
        
    }
}',
'class Solution {
public:
    ListNode* swapPairs(ListNode* head) {
        
    }
};',
'[{"input": [[1, 2, 3, 4]], "expectedOutput": [2, 1, 4, 3]}, {"input": [[]], "expectedOutput": []}, {"input": [[1]], "expectedOutput": [1]}]',
'O(n)',
'O(1)');


-- Question 21: Binary Tree Level Order Traversal
-- Binary Tree Level Order Traversal (MEDIUM)
INSERT INTO questions (id, category_id, title, difficulty, description, constraints, examples, tags) VALUES
(21, 1, 'Binary Tree Level Order Traversal', 'medium',
'Given the root of a binary tree, return the level order traversal of its nodes'' values. (i.e., from left to right, level by level).',
'["The number of nodes in the tree is in the range [0, 2000]", "-1000 <= Node.val <= 1000"]',
'[{"input": {"root": [3, 9, 20, null, null, 15, 7]}, "output": [[3], [9, 20], [15, 7]], "explanation": "Level by level traversal."}]',
'["tree", "breadth-first-search"]');

INSERT INTO leetcode_questions (question_id, function_signature_python, function_signature_java, function_signature_cpp, test_cases, expected_time_complexity, expected_space_complexity) VALUES
(21,
'class Solution:
    def levelOrder(self, root: Optional[TreeNode]) -> List[List[int]]:
        pass',
'class Solution {
    public List<List<Integer>> levelOrder(TreeNode root) {
        
    }
}',
'class Solution {
public:
    vector<vector<int>> levelOrder(TreeNode* root) {
        
    }
};',
'[{"input": [[3, 9, 20, null, null, 15, 7]], "expectedOutput": [[3], [9, 20], [15, 7]]}, {"input": [[1]], "expectedOutput": [[1]]}, {"input": [[]], "expectedOutput": []}]',
'O(n)',
'O(n)');


-- Question 22: Validate Binary Search Tree
-- Validate Binary Search Tree (MEDIUM)
INSERT INTO questions (id, category_id, title, difficulty, description, constraints, examples, tags) VALUES
(22, 1, 'Validate Binary Search Tree', 'medium',
'Given the root of a binary tree, determine if it is a valid binary search tree (BST).

A valid BST is defined as follows:
- The left subtree of a node contains only nodes with keys less than the node''s key.
- The right subtree of a node contains only nodes with keys greater than the node''s key.
- Both the left and right subtrees must also be binary search trees.',
'["The number of nodes in the tree is in the range [1, 10^4]", "-2^31 <= Node.val <= 2^31 - 1"]',
'[{"input": {"root": [2, 1, 3]}, "output": true, "explanation": "Valid BST."}, {"input": {"root": [5, 1, 4, null, null, 3, 6]}, "output": false, "explanation": "Node 4 in right subtree of 5 violates BST property."}]',
'["tree", "depth-first-search", "binary-search-tree"]');

INSERT INTO leetcode_questions (question_id, function_signature_python, function_signature_java, function_signature_cpp, test_cases, expected_time_complexity, expected_space_complexity) VALUES
(22,
'class Solution:
    def isValidBST(self, root: Optional[TreeNode]) -> bool:
        pass',
'class Solution {
    public boolean isValidBST(TreeNode root) {
        
    }
}',
'class Solution {
public:
    bool isValidBST(TreeNode* root) {
        
    }
};',
'[{"input": [[2, 1, 3]], "expectedOutput": true}, {"input": [[5, 1, 4, null, null, 3, 6]], "expectedOutput": false}]',
'O(n)',
'O(n)');


-- Question 23: Kth Smallest Element in a BST
-- Kth Smallest Element in a BST (MEDIUM)
INSERT INTO questions (id, category_id, title, difficulty, description, constraints, examples, tags) VALUES
(23, 1, 'Kth Smallest Element in a BST', 'medium',
'Given the root of a binary search tree, and an integer k, return the kth smallest value (1-indexed) of all the values of the nodes in the tree.',
'["The number of nodes in the tree is n", "1 <= k <= n <= 10^4", "0 <= Node.val <= 10^4"]',
'[{"input": {"root": [3, 1, 4, null, 2], "k": 1}, "output": 1, "explanation": "The smallest element is 1."}, {"input": {"root": [5, 3, 6, 2, 4, null, null, 1], "k": 3}, "output": 3, "explanation": "The 3rd smallest is 3."}]',
'["tree", "depth-first-search", "binary-search-tree"]');

INSERT INTO leetcode_questions (question_id, function_signature_python, function_signature_java, function_signature_cpp, test_cases, expected_time_complexity, expected_space_complexity) VALUES
(23,
'class Solution:
    def kthSmallest(self, root: Optional[TreeNode], k: int) -> int:
        pass',
'class Solution {
    public int kthSmallest(TreeNode root, int k) {
        
    }
}',
'class Solution {
public:
    int kthSmallest(TreeNode* root, int k) {
        
    }
};',
'[{"input": [[3, 1, 4, null, 2], 1], "expectedOutput": 1}, {"input": [[5, 3, 6, 2, 4, null, null, 1], 3], "expectedOutput": 3}]',
'O(n)',
'O(n)');


-- Question 24: Binary Tree Right Side View
-- Binary Tree Right Side View (MEDIUM)
INSERT INTO questions (id, category_id, title, difficulty, description, constraints, examples, tags) VALUES
(24, 1, 'Binary Tree Right Side View', 'medium',
'Given the root of a binary tree, imagine yourself standing on the right side of it, return the values of the nodes you can see ordered from top to bottom.',
'["The number of nodes in the tree is in the range [0, 100]", "-100 <= Node.val <= 100"]',
'[{"input": {"root": [1, 2, 3, null, 5, null, 4]}, "output": [1, 3, 4], "explanation": "Right side view shows nodes 1, 3, 4."}]',
'["tree", "depth-first-search", "breadth-first-search"]');

INSERT INTO leetcode_questions (question_id, function_signature_python, function_signature_java, function_signature_cpp, test_cases, expected_time_complexity, expected_space_complexity) VALUES
(24,
'class Solution:
    def rightSideView(self, root: Optional[TreeNode]) -> List[int]:
        pass',
'class Solution {
    public List<Integer> rightSideView(TreeNode root) {
        
    }
}',
'class Solution {
public:
    vector<int> rightSideView(TreeNode* root) {
        
    }
};',
'[{"input": [[1, 2, 3, null, 5, null, 4]], "expectedOutput": [1, 3, 4]}, {"input": [[1, null, 3]], "expectedOutput": [1, 3]}, {"input": [[]], "expectedOutput": []}]',
'O(n)',
'O(n)');


-- Question 25: Path Sum II
-- Path Sum II (MEDIUM)
INSERT INTO questions (id, category_id, title, difficulty, description, constraints, examples, tags) VALUES
(25, 1, 'Path Sum II', 'medium',
'Given the root of a binary tree and an integer targetSum, return all root-to-leaf paths where the sum of the node values in the path equals targetSum. Each path should be returned as a list of the node values, not node references.

A root-to-leaf path is a path starting from the root and ending at any leaf node.',
'["The number of nodes in the tree is in the range [0, 5000]", "-1000 <= Node.val <= 1000", "-1000 <= targetSum <= 1000"]',
'[{"input": {"root": [5, 4, 8, 11, null, 13, 4, 7, 2, null, null, 5, 1], "targetSum": 22}, "output": [[5, 4, 11, 2], [5, 8, 4, 5]], "explanation": "Two paths sum to 22."}]',
'["tree", "backtracking", "depth-first-search"]');

INSERT INTO leetcode_questions (question_id, function_signature_python, function_signature_java, function_signature_cpp, test_cases, expected_time_complexity, expected_space_complexity) VALUES
(25,
'class Solution:
    def pathSum(self, root: Optional[TreeNode], targetSum: int) -> List[List[int]]:
        pass',
'class Solution {
    public List<List<Integer>> pathSum(TreeNode root, int targetSum) {
        
    }
}',
'class Solution {
public:
    vector<vector<int>> pathSum(TreeNode* root, int targetSum) {
        
    }
};',
'[{"input": [[5, 4, 8, 11, null, 13, 4, 7, 2, null, null, 5, 1], 22], "expectedOutput": [[5, 4, 11, 2], [5, 8, 4, 5]]}, {"input": [[1, 2, 3], 5], "expectedOutput": []}, {"input": [[1, 2], 0], "expectedOutput": []}]',
'O(n^2)',
'O(n)');


-- Question 26: Construct Binary Tree from Preorder and Inorder Traversal
-- Construct Binary Tree from Preorder and Inorder Traversal (MEDIUM)
INSERT INTO questions (id, category_id, title, difficulty, description, constraints, examples, tags) VALUES
(26, 1, 'Construct Binary Tree from Preorder and Inorder Traversal', 'medium',
'Given two integer arrays preorder and inorder where preorder is the preorder traversal of a binary tree and inorder is the inorder traversal of the same tree, construct and return the binary tree.',
'["1 <= preorder.length <= 3000", "inorder.length == preorder.length", "-3000 <= preorder[i], inorder[i] <= 3000", "preorder and inorder consist of unique values"]',
'[{"input": {"preorder": [3, 9, 20, 15, 7], "inorder": [9, 3, 15, 20, 7]}, "output": [3, 9, 20, null, null, 15, 7], "explanation": "Construct tree from traversals."}]',
'["tree", "array", "hash-table", "divide-and-conquer"]');

INSERT INTO leetcode_questions (question_id, function_signature_python, function_signature_java, function_signature_cpp, test_cases, expected_time_complexity, expected_space_complexity) VALUES
(26,
'class Solution:
    def buildTree(self, preorder: List[int], inorder: List[int]) -> Optional[TreeNode]:
        pass',
'class Solution {
    public TreeNode buildTree(int[] preorder, int[] inorder) {
        
    }
}',
'class Solution {
public:
    TreeNode* buildTree(vector<int>& preorder, vector<int>& inorder) {
        
    }
};',
'[{"input": [[3, 9, 20, 15, 7], [9, 3, 15, 20, 7]], "expectedOutput": [3, 9, 20, null, null, 15, 7]}, {"input": [[-1], [-1]], "expectedOutput": [-1]}]',
'O(n)',
'O(n)');


-- Question 27: Lowest Common Ancestor of a Binary Tree
-- Lowest Common Ancestor of a Binary Tree (MEDIUM)
INSERT INTO questions (id, category_id, title, difficulty, description, constraints, examples, tags) VALUES
(27, 1, 'Lowest Common Ancestor of a Binary Tree', 'medium',
'Given a binary tree, find the lowest common ancestor (LCA) of two given nodes in the tree.

The lowest common ancestor is defined as the lowest node in the tree that has both p and q as descendants (where we allow a node to be a descendant of itself).',
'["The number of nodes in the tree is in the range [2, 10^5]", "-10^9 <= Node.val <= 10^9", "All Node.val are unique", "p != q", "p and q exist in the tree"]',
'[{"input": {"root": [3, 5, 1, 6, 2, 0, 8, null, null, 7, 4], "p": 5, "q": 1}, "output": 3, "explanation": "The LCA of nodes 5 and 1 is 3."}]',
'["tree", "depth-first-search", "binary-tree"]');

INSERT INTO leetcode_questions (question_id, function_signature_python, function_signature_java, function_signature_cpp, test_cases, expected_time_complexity, expected_space_complexity) VALUES
(27,
'class Solution:
    def lowestCommonAncestor(self, root: TreeNode, p: TreeNode, q: TreeNode) -> TreeNode:
        pass',
'class Solution {
    public TreeNode lowestCommonAncestor(TreeNode root, TreeNode p, TreeNode q) {
        
    }
}',
'class Solution {
public:
    TreeNode* lowestCommonAncestor(TreeNode* root, TreeNode* p, TreeNode* q) {
        
    }
};',
'[{"input": [[3, 5, 1, 6, 2, 0, 8, null, null, 7, 4], 5, 1], "expectedOutput": 3}, {"input": [[3, 5, 1, 6, 2, 0, 8, null, null, 7, 4], 5, 4], "expectedOutput": 5}]',
'O(n)',
'O(n)');


-- Question 28: Number of Islands
-- Number of Islands (MEDIUM)
INSERT INTO questions (id, category_id, title, difficulty, description, constraints, examples, tags) VALUES
(28, 1, 'Number of Islands', 'medium',
'Given an m x n 2D binary grid which represents a map of ''1''s (land) and ''0''s (water), return the number of islands.

An island is surrounded by water and is formed by connecting adjacent lands horizontally or vertically.',
'["m == grid.length", "n == grid[i].length", "1 <= m, n <= 300", "grid[i][j] is ''0'' or ''1''"]',
'[{"input": {"grid": [["1", "1", "1", "1", "0"], ["1", "1", "0", "1", "0"], ["1", "1", "0", "0", "0"], ["0", "0", "0", "0", "0"]]}, "output": 1, "explanation": "One connected island."}]',
'["array", "depth-first-search", "breadth-first-search", "union-find", "matrix"]');

INSERT INTO leetcode_questions (question_id, function_signature_python, function_signature_java, function_signature_cpp, test_cases, expected_time_complexity, expected_space_complexity) VALUES
(28,
'class Solution:
    def numIslands(self, grid: List[List[str]]) -> int:
        pass',
'class Solution {
    public int numIslands(char[][] grid) {
        
    }
}',
'class Solution {
public:
    int numIslands(vector<vector<char>>& grid) {
        
    }
};',
'[{"input": [[["1", "1", "1", "1", "0"], ["1", "1", "0", "1", "0"], ["1", "1", "0", "0", "0"], ["0", "0", "0", "0", "0"]]], "expectedOutput": 1}, {"input": [[["1", "1", "0", "0", "0"], ["1", "1", "0", "0", "0"], ["0", "0", "1", "0", "0"], ["0", "0", "0", "1", "1"]]], "expectedOutput": 3}]',
'O(m*n)',
'O(m*n)');


-- Question 29: Course Schedule
-- Course Schedule (MEDIUM)
INSERT INTO questions (id, category_id, title, difficulty, description, constraints, examples, tags) VALUES
(29, 1, 'Course Schedule', 'medium',
'There are a total of numCourses courses you have to take, labeled from 0 to numCourses - 1. You are given an array prerequisites where prerequisites[i] = [ai, bi] indicates that you must take course bi first if you want to take course ai.

Return true if you can finish all courses. Otherwise, return false.',
'["1 <= numCourses <= 2000", "0 <= prerequisites.length <= 5000", "prerequisites[i].length == 2", "0 <= ai, bi < numCourses", "All the pairs prerequisites[i] are unique"]',
'[{"input": {"numCourses": 2, "prerequisites": [[1, 0]]}, "output": true, "explanation": "Take course 0 first, then course 1."}, {"input": {"numCourses": 2, "prerequisites": [[1, 0], [0, 1]]}, "output": false, "explanation": "Circular dependency."}]',
'["graph", "topological-sort", "depth-first-search", "breadth-first-search"]');

INSERT INTO leetcode_questions (question_id, function_signature_python, function_signature_java, function_signature_cpp, test_cases, expected_time_complexity, expected_space_complexity) VALUES
(29,
'class Solution:
    def canFinish(self, numCourses: int, prerequisites: List[List[int]]) -> bool:
        pass',
'class Solution {
    public boolean canFinish(int numCourses, int[][] prerequisites) {
        
    }
}',
'class Solution {
public:
    bool canFinish(int numCourses, vector<vector<int>>& prerequisites) {
        
    }
};',
'[{"input": [2, [[1, 0]]], "expectedOutput": true}, {"input": [2, [[1, 0], [0, 1]]], "expectedOutput": false}]',
'O(V+E)',
'O(V+E)');


-- Question 30: Clone Graph
-- Clone Graph (MEDIUM)
INSERT INTO questions (id, category_id, title, difficulty, description, constraints, examples, tags) VALUES
(30, 1, 'Clone Graph', 'medium',
'Given a reference of a node in a connected undirected graph, return a deep copy (clone) of the graph.

Each node in the graph contains a value (int) and a list (List[Node]) of its neighbors.',
'["The number of nodes in the graph is in the range [0, 100]", "1 <= Node.val <= 100", "Node.val is unique for each node", "There are no repeated edges and no self-loops"]',
'[{"input": {"adjList": [[2, 4], [1, 3], [2, 4], [1, 3]]}, "output": [[2, 4], [1, 3], [2, 4], [1, 3]], "explanation": "Clone the graph."}]',
'["hash-table", "depth-first-search", "breadth-first-search", "graph"]');

INSERT INTO leetcode_questions (question_id, function_signature_python, function_signature_java, function_signature_cpp, test_cases, expected_time_complexity, expected_space_complexity) VALUES
(30,
'class Solution:
    def cloneGraph(self, node: Optional[''Node'']) -> Optional[''Node'']:
        pass',
'class Solution {
    public Node cloneGraph(Node node) {
        
    }
}',
'class Solution {
public:
    Node* cloneGraph(Node* node) {
        
    }
};',
'[{"input": [[[2, 4], [1, 3], [2, 4], [1, 3]]], "expectedOutput": [[2, 4], [1, 3], [2, 4], [1, 3]]}, {"input": [[[]]], "expectedOutput": [[]]}, {"input": [[]], "expectedOutput": []}]',
'O(N+M)',
'O(N)');


-- Question 31: Word Search
-- Word Search (MEDIUM)
INSERT INTO questions (id, category_id, title, difficulty, description, constraints, examples, tags) VALUES
(31, 1, 'Word Search', 'medium',
'Given an m x n grid of characters board and a string word, return true if word exists in the grid.

The word can be constructed from letters of sequentially adjacent cells, where adjacent cells are horizontally or vertically neighboring.',
'["m == board.length", "n = board[i].length", "1 <= m, n <= 6", "1 <= word.length <= 15", "board and word consists of only lowercase and uppercase English letters"]',
'[{"input": {"board": [["A", "B", "C", "E"], ["S", "F", "C", "S"], ["A", "D", "E", "E"]], "word": "ABCCED"}, "output": true, "explanation": "Word found in board."}]',
'["array", "backtracking", "matrix"]');

INSERT INTO leetcode_questions (question_id, function_signature_python, function_signature_java, function_signature_cpp, test_cases, expected_time_complexity, expected_space_complexity) VALUES
(31,
'class Solution:
    def exist(self, board: List[List[str]], word: str) -> bool:
        pass',
'class Solution {
    public boolean exist(char[][] board, String word) {
        
    }
}',
'class Solution {
public:
    bool exist(vector<vector<char>>& board, string word) {
        
    }
};',
'[{"input": [[["A", "B", "C", "E"], ["S", "F", "C", "S"], ["A", "D", "E", "E"]], "ABCCED"], "expectedOutput": true}, {"input": [[["A", "B", "C", "E"], ["S", "F", "C", "S"], ["A", "D", "E", "E"]], "SEE"], "expectedOutput": true}, {"input": [[["A", "B", "C", "E"], ["S", "F", "C", "S"], ["A", "D", "E", "E"]], "ABCB"], "expectedOutput": false}]',
'O(m*n*4^L)',
'O(L)');


-- Question 32: Coin Change
-- Coin Change (MEDIUM)
INSERT INTO questions (id, category_id, title, difficulty, description, constraints, examples, tags) VALUES
(32, 1, 'Coin Change', 'medium',
'You are given an integer array coins representing coins of different denominations and an integer amount representing a total amount of money.

Return the fewest number of coins that you need to make up that amount. If that amount of money cannot be made up by any combination of the coins, return -1.',
'["1 <= coins.length <= 12", "1 <= coins[i] <= 2^31 - 1", "0 <= amount <= 10^4"]',
'[{"input": {"coins": [1, 2, 5], "amount": 11}, "output": 3, "explanation": "11 = 5 + 5 + 1"}, {"input": {"coins": [2], "amount": 3}, "output": -1, "explanation": "Cannot make amount 3."}]',
'["array", "dynamic-programming", "breadth-first-search"]');

INSERT INTO leetcode_questions (question_id, function_signature_python, function_signature_java, function_signature_cpp, test_cases, expected_time_complexity, expected_space_complexity) VALUES
(32,
'class Solution:
    def coinChange(self, coins: List[int], amount: int) -> int:
        pass',
'class Solution {
    public int coinChange(int[] coins, int amount) {
        
    }
}',
'class Solution {
public:
    int coinChange(vector<int>& coins, int amount) {
        
    }
};',
'[{"input": [[1, 2, 5], 11], "expectedOutput": 3}, {"input": [[2], 3], "expectedOutput": -1}, {"input": [[1], 0], "expectedOutput": 0}]',
'O(amount * n)',
'O(amount)');


-- Question 33: Trapping Rain Water
-- Trapping Rain Water (HARD)
INSERT INTO questions (id, category_id, title, difficulty, description, constraints, examples, tags) VALUES
(33, 1, 'Trapping Rain Water', 'hard',
'Given n non-negative integers representing an elevation map where the width of each bar is 1, compute how much water it can trap after raining.',
'["n == height.length", "1 <= n <= 2 * 10^4", "0 <= height[i] <= 10^5"]',
'[{"input": {"height": [0, 1, 0, 2, 1, 0, 1, 3, 2, 1, 2, 1]}, "output": 6, "explanation": "The elevation map can trap 6 units of rain water."}]',
'["array", "two-pointers", "dynamic-programming", "stack", "monotonic-stack"]');

INSERT INTO leetcode_questions (question_id, function_signature_python, function_signature_java, function_signature_cpp, test_cases, expected_time_complexity, expected_space_complexity) VALUES
(33,
'class Solution:
    def trap(self, height: List[int]) -> int:
        pass',
'class Solution {
    public int trap(int[] height) {
        
    }
}',
'class Solution {
public:
    int trap(vector<int>& height) {
        
    }
};',
'[{"input": [[0, 1, 0, 2, 1, 0, 1, 3, 2, 1, 2, 1]], "expectedOutput": 6}, {"input": [[4, 2, 0, 3, 2, 5]], "expectedOutput": 9}]',
'O(n)',
'O(1)');


-- Question 34: Median of Two Sorted Arrays
-- Median of Two Sorted Arrays (HARD)
INSERT INTO questions (id, category_id, title, difficulty, description, constraints, examples, tags) VALUES
(34, 1, 'Median of Two Sorted Arrays', 'hard',
'Given two sorted arrays nums1 and nums2 of size m and n respectively, return the median of the two sorted arrays.

The overall run time complexity should be O(log (m+n)).',
'["nums1.length == m", "nums2.length == n", "0 <= m <= 1000", "0 <= n <= 1000", "1 <= m + n <= 2000", "-10^6 <= nums1[i], nums2[i] <= 10^6"]',
'[{"input": {"nums1": [1, 3], "nums2": [2]}, "output": 2.0, "explanation": "Merged array = [1,2,3], median = 2."}, {"input": {"nums1": [1, 2], "nums2": [3, 4]}, "output": 2.5, "explanation": "Merged array = [1,2,3,4], median = (2+3)/2 = 2.5."}]',
'["array", "binary-search", "divide-and-conquer"]');

INSERT INTO leetcode_questions (question_id, function_signature_python, function_signature_java, function_signature_cpp, test_cases, expected_time_complexity, expected_space_complexity) VALUES
(34,
'class Solution:
    def findMedianSortedArrays(self, nums1: List[int], nums2: List[int]) -> float:
        pass',
'class Solution {
    public double findMedianSortedArrays(int[] nums1, int[] nums2) {
        
    }
}',
'class Solution {
public:
    double findMedianSortedArrays(vector<int>& nums1, vector<int>& nums2) {
        
    }
};',
'[{"input": [[1, 3], [2]], "expectedOutput": 2.0}, {"input": [[1, 2], [3, 4]], "expectedOutput": 2.5}]',
'O(log(min(m,n)))',
'O(1)');


-- Question 35: Binary Tree Maximum Path Sum
-- Binary Tree Maximum Path Sum (HARD)
INSERT INTO questions (id, category_id, title, difficulty, description, constraints, examples, tags) VALUES
(35, 1, 'Binary Tree Maximum Path Sum', 'hard',
'A path in a binary tree is a sequence of nodes where each pair of adjacent nodes in the sequence has an edge connecting them. A node can only appear in the sequence at most once. Note that the path does not need to pass through the root.

The path sum of a path is the sum of the node''s values in the path.

Given the root of a binary tree, return the maximum path sum of any non-empty path.',
'["The number of nodes in the tree is in the range [1, 3 * 10^4]", "-1000 <= Node.val <= 1000"]',
'[{"input": {"root": [1, 2, 3]}, "output": 6, "explanation": "The optimal path is 2 -> 1 -> 3 with a path sum of 2 + 1 + 3 = 6."}, {"input": {"root": [-10, 9, 20, null, null, 15, 7]}, "output": 42, "explanation": "The optimal path is 15 -> 20 -> 7 with a path sum of 15 + 20 + 7 = 42."}]',
'["tree", "depth-first-search", "dynamic-programming", "binary-tree"]');

INSERT INTO leetcode_questions (question_id, function_signature_python, function_signature_java, function_signature_cpp, test_cases, expected_time_complexity, expected_space_complexity) VALUES
(35,
'class Solution:
    def maxPathSum(self, root: Optional[TreeNode]) -> int:
        pass',
'class Solution {
    public int maxPathSum(TreeNode root) {
        
    }
}',
'class Solution {
public:
    int maxPathSum(TreeNode* root) {
        
    }
};',
'[{"input": [[1, 2, 3]], "expectedOutput": 6}, {"input": [[-10, 9, 20, null, null, 15, 7]], "expectedOutput": 42}]',
'O(n)',
'O(h)');


-- Question 36: Serialize and Deserialize Binary Tree
-- Serialize and Deserialize Binary Tree (HARD)
INSERT INTO questions (id, category_id, title, difficulty, description, constraints, examples, tags) VALUES
(36, 1, 'Serialize and Deserialize Binary Tree', 'hard',
'Serialization is the process of converting a data structure or object into a sequence of bits so that it can be stored in a file or memory buffer, or transmitted across a network connection link to be reconstructed later in the same or another computer environment.

Design an algorithm to serialize and deserialize a binary tree. There is no restriction on how your serialization/deserialization algorithm should work.',
'["The number of nodes in the tree is in the range [0, 10^4]", "-1000 <= Node.val <= 1000"]',
'[{"input": {"root": [1, 2, 3, null, null, 4, 5]}, "output": [1, 2, 3, null, null, 4, 5], "explanation": "Serialize then deserialize the tree."}]',
'["string", "tree", "depth-first-search", "breadth-first-search", "design", "binary-tree"]');

INSERT INTO leetcode_questions (question_id, function_signature_python, function_signature_java, function_signature_cpp, test_cases, expected_time_complexity, expected_space_complexity) VALUES
(36,
'class Codec:
    def serialize(self, root: Optional[TreeNode]) -> str:
        pass
    
    def deserialize(self, data: str) -> Optional[TreeNode]:
        pass',
'public class Codec {
    public String serialize(TreeNode root) {
        
    }
    
    public TreeNode deserialize(String data) {
        
    }
}',
'class Codec {
public:
    string serialize(TreeNode* root) {
        
    }
    
    TreeNode* deserialize(string data) {
        
    }
};',
'[{"input": [[1, 2, 3, null, null, 4, 5]], "expectedOutput": [1, 2, 3, null, null, 4, 5]}, {"input": [[]], "expectedOutput": []}]',
'O(n)',
'O(n)');


-- Question 37: Regular Expression Matching
-- Regular Expression Matching (HARD)
INSERT INTO questions (id, category_id, title, difficulty, description, constraints, examples, tags) VALUES
(37, 1, 'Regular Expression Matching', 'hard',
'Given an input string s and a pattern p, implement regular expression matching with support for ''.'' and ''*'' where:

''.'' Matches any single character.
''*'' Matches zero or more of the preceding element.

The matching should cover the entire input string (not partial).',
'["1 <= s.length <= 20", "1 <= p.length <= 20", "s contains only lowercase English letters", "p contains only lowercase English letters, ''.'', and ''*''"]',
'[{"input": {"s": "aa", "p": "a"}, "output": false, "explanation": "a does not match the entire string aa."}, {"input": {"s": "aa", "p": "a*"}, "output": true, "explanation": "* means zero or more of the preceding element, a. Therefore, by repeating a once, it becomes aa."}]',
'["string", "dynamic-programming", "recursion"]');

INSERT INTO leetcode_questions (question_id, function_signature_python, function_signature_java, function_signature_cpp, test_cases, expected_time_complexity, expected_space_complexity) VALUES
(37,
'class Solution:
    def isMatch(self, s: str, p: str) -> bool:
        pass',
'class Solution {
    public boolean isMatch(String s, String p) {
        
    }
}',
'class Solution {
public:
    bool isMatch(string s, string p) {
        
    }
};',
'[{"input": ["aa", "a"], "expectedOutput": false}, {"input": ["aa", "a*"], "expectedOutput": true}, {"input": ["ab", ".*"], "expectedOutput": true}]',
'O(m*n)',
'O(m*n)');


-- Question 38: Edit Distance
-- Edit Distance (HARD)
INSERT INTO questions (id, category_id, title, difficulty, description, constraints, examples, tags) VALUES
(38, 1, 'Edit Distance', 'hard',
'Given two strings word1 and word2, return the minimum number of operations required to convert word1 to word2.

You have the following three operations permitted on a word:
- Insert a character
- Delete a character
- Replace a character',
'["0 <= word1.length, word2.length <= 500", "word1 and word2 consist of lowercase English letters"]',
'[{"input": {"word1": "horse", "word2": "ros"}, "output": 3, "explanation": "horse -> rorse (replace ''h'' with ''r'') -> rose (remove ''r'') -> ros (remove ''e'')"}, {"input": {"word1": "intention", "word2": "execution"}, "output": 5, "explanation": "intention -> inention (remove ''t'') -> enention (replace ''i'' with ''e'') -> exention (replace ''n'' with ''x'') -> exection (replace ''n'' with ''c'') -> execution (insert ''u'')"}]',
'["string", "dynamic-programming"]');

INSERT INTO leetcode_questions (question_id, function_signature_python, function_signature_java, function_signature_cpp, test_cases, expected_time_complexity, expected_space_complexity) VALUES
(38,
'class Solution:
    def minDistance(self, word1: str, word2: str) -> int:
        pass',
'class Solution {
    public int minDistance(String word1, String word2) {
        
    }
}',
'class Solution {
public:
    int minDistance(string word1, string word2) {
        
    }
};',
'[{"input": ["horse", "ros"], "expectedOutput": 3}, {"input": ["intention", "execution"], "expectedOutput": 5}]',
'O(m*n)',
'O(m*n)');


-- Question 39: Word Ladder
-- Word Ladder (HARD)
INSERT INTO questions (id, category_id, title, difficulty, description, constraints, examples, tags) VALUES
(39, 1, 'Word Ladder', 'hard',
'A transformation sequence from word beginWord to word endWord using a dictionary wordList is a sequence of words beginWord -> s1 -> s2 -> ... -> sk such that:
- Every adjacent pair of words differs by a single letter.
- Every si for 1 <= i <= k is in wordList. Note that beginWord does not need to be in wordList.
- sk == endWord

Given two words, beginWord and endWord, and a dictionary wordList, return the number of words in the shortest transformation sequence from beginWord to endWord, or 0 if no such sequence exists.',
'["1 <= beginWord.length <= 10", "endWord.length == beginWord.length", "1 <= wordList.length <= 5000", "wordList[i].length == beginWord.length", "All strings consist of lowercase English letters", "beginWord != endWord", "All the words in wordList are unique"]',
'[{"input": {"beginWord": "hit", "endWord": "cog", "wordList": ["hot", "dot", "dog", "lot", "log", "cog"]}, "output": 5, "explanation": "One shortest transformation sequence is ''hit'' -> ''hot'' -> ''dot'' -> ''dog'' -> ''cog'', which is 5 words long."}, {"input": {"beginWord": "hit", "endWord": "cog", "wordList": ["hot", "dot", "dog", "lot", "log"]}, "output": 0, "explanation": "The endWord ''cog'' is not in wordList, therefore there is no valid transformation sequence."}]',
'["hash-table", "string", "breadth-first-search"]');

INSERT INTO leetcode_questions (question_id, function_signature_python, function_signature_java, function_signature_cpp, test_cases, expected_time_complexity, expected_space_complexity) VALUES
(39,
'class Solution:
    def ladderLength(self, beginWord: str, endWord: str, wordList: List[str]) -> int:
        pass',
'class Solution {
    public int ladderLength(String beginWord, String endWord, List<String> wordList) {
        
    }
}',
'class Solution {
public:
    int ladderLength(string beginWord, string endWord, vector<string>& wordList) {
        
    }
};',
'[{"input": ["hit", "cog", ["hot", "dot", "dog", "lot", "log", "cog"]], "expectedOutput": 5}, {"input": ["hit", "cog", ["hot", "dot", "dog", "lot", "log"]], "expectedOutput": 0}]',
'O(M^2 * N)',
'O(M^2 * N)');


-- Question 40: Merge k Sorted Lists
-- Merge k Sorted Lists (HARD)
INSERT INTO questions (id, category_id, title, difficulty, description, constraints, examples, tags) VALUES
(40, 1, 'Merge k Sorted Lists', 'hard',
'You are given an array of k linked-lists lists, each linked-list is sorted in ascending order.

Merge all the linked-lists into one sorted linked-list and return it.',
'["k == lists.length", "0 <= k <= 10^4", "0 <= lists[i].length <= 500", "-10^4 <= lists[i][j] <= 10^4", "lists[i] is sorted in ascending order", "The sum of lists[i].length will not exceed 10^4"]',
'[{"input": {"lists": [[1, 4, 5], [1, 3, 4], [2, 6]]}, "output": [1, 1, 2, 3, 4, 4, 5, 6], "explanation": "Merging all lists: [1,4,5], [1,3,4], and [2,6] into one sorted list."}, {"input": {"lists": []}, "output": [], "explanation": "Empty input."}, {"input": {"lists": [[]]}, "output": [], "explanation": "Single empty list."}]',
'["linked-list", "divide-and-conquer", "heap", "merge-sort"]');

INSERT INTO leetcode_questions (question_id, function_signature_python, function_signature_java, function_signature_cpp, test_cases, expected_time_complexity, expected_space_complexity) VALUES
(40,
'class Solution:
    def mergeKLists(self, lists: List[Optional[ListNode]]) -> Optional[ListNode]:
        pass',
'class Solution {
    public ListNode mergeKLists(ListNode[] lists) {
        
    }
}',
'class Solution {
public:
    ListNode* mergeKLists(vector<ListNode*>& lists) {
        
    }
};',
'[{"input": [[[1, 4, 5], [1, 3, 4], [2, 6]]], "expectedOutput": [1, 1, 2, 3, 4, 4, 5, 6]}, {"input": [[]], "expectedOutput": []}, {"input": [[[]]], "expectedOutput": []}]',
'O(N log k) where N is total number of nodes',
'O(k) for heap or O(log k) for divide-and-conquer');



-- ============================================
-- ML SYSTEM DESIGN QUESTIONS
-- ============================================

-- Question 41: Design Netflix Movie Recommendation System
-- Design Netflix Movie Recommendation System (MEDIUM)
INSERT INTO questions (id, category_id, title, difficulty, description, tags) VALUES
(41, 2, 'Design Netflix Movie Recommendation System', 'medium',
'Design a personalized movie/TV show recommendation system for Netflix with 200M+ subscribers. The system should provide real-time, personalized content recommendations while handling cold start problems for new users and content.',
'["recommendation", "ranking", "collaborative-filtering", "cold-start", "scalability"]');

INSERT INTO ml_design_questions (question_id, scenario, requirements, evaluation_criteria, key_components) VALUES
(41,
'Netflix wants to improve user engagement and content discovery by building a sophisticated recommendation system. The platform has:
- 200M+ active subscribers globally
- 10,000+ movies and TV shows
- User interactions: watch history, ratings, search queries, browsing behavior
- Content metadata: genre, cast, director, release year, language
- Real-time viewing patterns and completion rates

The system must balance personalization with content diversity, handle the cold start problem for new users/content, and provide explainable recommendations.',
'["Handle 200M+ active users with real-time recommendations", "Provide personalized recommendations based on viewing history and preferences", "Handle cold start problem for new users and new content", "Support multiple recommendation strategies (collaborative filtering, content-based, hybrid)", "Implement A/B testing framework for new recommendation algorithms", "Provide explainability for recommendations", "Scale to handle peak traffic during new content releases", "Optimize for user engagement metrics (watch time, completion rate)"]',
'{"problem_understanding": "Clarified requirements, success metrics, and constraints", "data_pipeline": "Comprehensive feature engineering and data processing approach", "model_design": "Appropriate model architecture for recommendations (collaborative filtering, neural networks, etc.)", "scalability": "System handles 200M users efficiently with low latency", "evaluation_metrics": "Clear offline (RMSE, precision@k) and online (CTR, watch time) metrics", "cold_start_strategy": "Effective approach for new users/items", "explainability": "Method to explain why content was recommended"}',
'["Data Collection & Feature Engineering", "Candidate Generation (retrieve top-k items)", "Ranking Model (score and rank candidates)", "Serving Infrastructure (low-latency API)", "Offline & Online Evaluation Metrics", "A/B Testing Framework", "Cold Start Strategy", "Explainability Module"]');


-- Question 42: Design YouTube Video Recommendation Engine
-- Design YouTube Video Recommendation Engine (MEDIUM)
INSERT INTO questions (id, category_id, title, difficulty, description, tags) VALUES
(42, 2, 'Design YouTube Video Recommendation Engine', 'medium',
'Design a recommendation system for YouTube that suggests relevant videos to users based on their viewing history, preferences, and real-time context.',
'["recommendation", "deep-learning", "real-time", "scalability", "multi-objective"]');

INSERT INTO ml_design_questions (question_id, scenario, requirements, evaluation_criteria, key_components) VALUES
(42,
'YouTube serves 2B+ users who watch billions of videos daily. The recommendation system must:
- Handle massive scale (billions of videos, billions of users)
- Provide real-time recommendations considering current session context
- Balance between relevance, freshness, and diversity
- Handle different user contexts (logged-in vs anonymous, mobile vs desktop)
- Optimize for multiple objectives (watch time, user satisfaction, ad revenue)

The system receives signals from watch history, likes/dislikes, subscriptions, search queries, and contextual information (time of day, device type).',
'["Scale to 2B+ users and billions of videos", "Real-time recommendations with <100ms latency", "Multi-objective optimization (watch time, satisfaction, diversity)", "Handle cold start for new videos and users", "Consider contextual signals (time, device, location)", "Balance freshness vs relevance", "Support different recommendation surfaces (homepage, watch next, search)", "Implement feedback loops to improve over time"]',
'{"scale_handling": "Architecture handles billions of users and videos", "model_architecture": "Two-stage approach (candidate generation + ranking)", "feature_engineering": "Rich features from user behavior and video metadata", "real_time_processing": "Low-latency serving infrastructure", "multi_objective": "Balances multiple business objectives", "freshness": "Strategy to promote new/trending content", "evaluation": "Comprehensive offline and online metrics"}',
'["User & Video Feature Engineering", "Candidate Generation (Deep Neural Networks)", "Ranking Model (Gradient Boosted Trees or DNN)", "Real-time Serving Infrastructure", "Context Understanding (time, device, session)", "Freshness & Diversity Injection", "Multi-objective Optimization", "A/B Testing & Monitoring"]');


-- Question 43: Design E-commerce Product Recommendation System
-- Design E-commerce Product Recommendation System (MEDIUM)
INSERT INTO questions (id, category_id, title, difficulty, description, tags) VALUES
(43, 2, 'Design E-commerce Product Recommendation System', 'medium',
'Design a product recommendation system for an e-commerce platform like Amazon that personalizes product suggestions across various touchpoints.',
'["recommendation", "e-commerce", "personalization", "real-time", "conversion-optimization"]');

INSERT INTO ml_design_questions (question_id, scenario, requirements, evaluation_criteria, key_components) VALUES
(43,
'An e-commerce platform with 100M+ products and 500M+ users needs a recommendation system for:
- Homepage personalized recommendations
- Product detail page (frequently bought together, similar items)
- Shopping cart recommendations
- Email campaigns
- Search result ranking

The system must handle diverse product catalog, seasonal trends, inventory constraints, and optimize for conversion rate and revenue.',
'["Handle 100M+ products and 500M+ users", "Multiple recommendation types (similar items, complementary products, personalized)", "Real-time recommendations based on current session", "Consider inventory levels and business rules", "Optimize for conversion rate and revenue", "Handle seasonal trends and promotional events", "Support different channels (web, mobile, email)", "Cold start for new products and users"]',
'{"business_understanding": "Optimization for revenue and conversion", "recommendation_types": "Multiple recommendation strategies", "real_time_capability": "Session-based recommendations", "inventory_awareness": "Integration with inventory system", "personalization": "User-specific recommendations", "scalability": "Handles large product catalog efficiently", "evaluation_metrics": "CTR, conversion rate, revenue per user"}',
'["User Behavior Tracking", "Product Catalog Feature Engineering", "Session-based Recommendations", "Collaborative Filtering Models", "Content-based Filtering", "Business Rules Engine (inventory, promotions)", "Multi-arm Bandit for Exploration", "Real-time Serving Layer", "A/B Testing & Revenue Attribution"]');


-- Question 44: Design Google Search Ranking System
-- Design Google Search Ranking System (HARD)
INSERT INTO questions (id, category_id, title, difficulty, description, tags) VALUES
(44, 2, 'Design Google Search Ranking System', 'hard',
'Design the machine learning system behind Google Search that ranks web pages for a given search query.',
'["search", "ranking", "nlp", "learning-to-rank", "scalability"]');

INSERT INTO ml_design_questions (question_id, scenario, requirements, evaluation_criteria, key_components) VALUES
(44,
'Google Search processes billions of queries daily and must rank billions of web pages. The system needs to:
- Understand user intent from short queries
- Rank pages based on relevance, authority, freshness, and user experience
- Handle different query types (informational, navigational, transactional)
- Provide personalized results based on user context
- Combat spam and low-quality content
- Serve results with <200ms latency

The system uses signals from page content, link structure, user behavior, and contextual factors.',
'["Process billions of queries with <200ms latency", "Rank billions of web pages for relevance", "Understand query intent and context", "Personalization based on user history and location", "Quality signals to combat spam", "Handle different query types and domains", "Real-time indexing of new content", "Multi-language and multi-region support"]',
'{"query_understanding": "NLP techniques for intent classification", "ranking_model": "Learning-to-rank approach with hundreds of features", "scalability": "Distributed architecture for billions of pages", "latency": "Sub-200ms response time", "relevance_signals": "Page content, links, user behavior signals", "quality_filtering": "Spam detection and quality assessment", "personalization": "Context-aware ranking adjustments", "evaluation": "NDCG, MRR, and online metrics (CTR, long clicks)"}',
'["Query Understanding (NLP, Intent Classification)", "Document Indexing & Retrieval", "Feature Engineering (500+ ranking signals)", "Learning-to-Rank Model (GBDT or Neural)", "Quality & Spam Detection", "Personalization Layer", "Distributed Serving Infrastructure", "Online Learning & Feedback Loops", "A/B Testing Framework"]');


-- Question 45: Design E-commerce Search with ML
-- Design E-commerce Search with ML (MEDIUM)
INSERT INTO questions (id, category_id, title, difficulty, description, tags) VALUES
(45, 2, 'Design E-commerce Search with ML', 'medium',
'Design a machine learning-powered search system for an e-commerce platform that understands product queries and returns relevant results.',
'["search", "nlp", "e-commerce", "ranking", "semantic-search"]');

INSERT INTO ml_design_questions (question_id, scenario, requirements, evaluation_criteria, key_components) VALUES
(45,
'An e-commerce platform needs an intelligent search system that:
- Handles natural language queries (''red dress for wedding'')
- Understands product attributes and variants
- Ranks products based on relevance, popularity, and personalization
- Handles misspellings and synonyms
- Optimizes for conversion (not just clicks)
- Provides faceted search and filters

The system processes millions of queries daily across a catalog of 10M+ products.',
'["Handle 10M+ products and millions of daily queries", "Natural language understanding for product queries", "Semantic search (understand intent beyond keywords)", "Ranking based on relevance, popularity, conversion probability", "Handle query variations (misspellings, synonyms)", "Personalization based on user history", "Real-time inventory awareness", "Faceted search and filtering", "Optimize for conversion and revenue"]',
'{"query_understanding": "NLP for query parsing and entity extraction", "semantic_search": "Embedding-based retrieval", "ranking_model": "Multi-factor ranking (relevance + business metrics)", "personalization": "User context integration", "query_handling": "Spell correction, synonym expansion", "business_optimization": "Conversion-focused ranking", "evaluation_metrics": "Search success rate, CTR, conversion rate"}',
'["Query Understanding & Parsing", "Product Indexing (Elasticsearch/Solr)", "Semantic Embedding Models", "Ranking Model (Relevance + Business Signals)", "Personalization Engine", "Query Rewriting (spell check, synonyms)", "Faceted Search & Filtering", "A/B Testing for Ranking Changes", "Conversion Tracking & Attribution"]');


-- Question 46: Design News Feed Ranking (Facebook/Instagram)
-- Design News Feed Ranking (Facebook/Instagram) (MEDIUM)
INSERT INTO questions (id, category_id, title, difficulty, description, tags) VALUES
(46, 2, 'Design News Feed Ranking (Facebook/Instagram)', 'medium',
'Design the machine learning system that ranks posts in social media news feeds to maximize user engagement.',
'["ranking", "social-media", "multi-task-learning", "personalization", "engagement"]');

INSERT INTO ml_design_questions (question_id, scenario, requirements, evaluation_criteria, key_components) VALUES
(46,
'A social media platform with 2B+ users needs to rank posts in personalized news feeds. The system must:
- Rank posts from friends, pages, and groups
- Predict user engagement (likes, comments, shares, watch time)
- Balance different content types (text, image, video, links)
- Consider recency and virality
- Optimize for meaningful interactions (not just clicks)
- Handle diverse user preferences and contexts

The system processes millions of candidate posts per user and must serve feeds with low latency.',
'["Rank feeds for 2B+ users in real-time", "Predict multiple engagement types (likes, comments, shares)", "Multi-objective optimization (engagement vs quality)", "Handle different content types with different engagement patterns", "Consider recency, virality, and social connections", "Personalization based on user preferences and history", "Low-latency serving (<500ms)", "Combat clickbait and low-quality content"]',
'{"prediction_model": "Multi-task learning for different engagement types", "feature_engineering": "User, post, and social graph features", "ranking_strategy": "Multi-objective optimization approach", "scalability": "Efficient candidate retrieval and ranking", "quality_control": "Mechanisms to reduce low-quality content", "evaluation_metrics": "Time spent, meaningful interactions, user satisfaction"}',
'["Candidate Generation (retrieve relevant posts)", "Feature Engineering (user, post, context)", "Multi-task Prediction Model (engagement types)", "Ranking with Multi-objective Optimization", "Quality Scoring & Clickbait Detection", "Real-time Feature Computation", "Distributed Serving Infrastructure", "Online Learning & Feedback Loops", "A/B Testing Framework"]');


-- Question 47: Design Face Recognition System
-- Design Face Recognition System (MEDIUM)
INSERT INTO questions (id, category_id, title, difficulty, description, tags) VALUES
(47, 2, 'Design Face Recognition System', 'medium',
'Design a scalable face recognition system for authentication or identification in applications like security, photo tagging, or access control.',
'["computer-vision", "face-recognition", "biometrics", "deep-learning", "security"]');

INSERT INTO ml_design_questions (question_id, scenario, requirements, evaluation_criteria, key_components) VALUES
(47,
'Build a face recognition system that:
- Enrolls users by capturing and storing face embeddings
- Authenticates users in real-time from camera input
- Handles variations in lighting, pose, and aging
- Works across different devices and camera qualities
- Maintains privacy and security of biometric data
- Scales to millions of enrolled users

The system is used for authentication (1:1 matching) and identification (1:N search).',
'["High accuracy (>99% verification accuracy)", "Low false positive rate for security", "Real-time processing (<1 second per verification)", "Handle variations (lighting, pose, expressions, aging)", "Scale to millions of enrolled users", "Privacy-preserving (store embeddings, not raw images)", "Work with different camera qualities", "Support both 1:1 verification and 1:N identification", "Anti-spoofing (detect fake faces, photos)"]',
'{"model_architecture": "Deep learning model for face embedding", "accuracy_metrics": "FAR, FRR, verification accuracy", "robustness": "Handle real-world variations", "scalability": "Efficient 1:N search in large databases", "privacy": "Secure storage and processing of biometric data", "anti_spoofing": "Liveness detection techniques", "deployment": "Edge vs cloud deployment considerations"}',
'["Face Detection & Alignment", "Face Embedding Model (ResNet, FaceNet, ArcFace)", "Embedding Storage & Indexing (Vector DB)", "Similarity Matching (Cosine Distance)", "Liveness Detection (Anti-spoofing)", "Enrollment Pipeline", "Real-time Verification API", "Model Retraining with New Data", "Privacy & Security Measures"]');


-- Question 48: Design Object Detection System for Autonomous Vehicles
-- Design Object Detection System for Autonomous Vehicles (HARD)
INSERT INTO questions (id, category_id, title, difficulty, description, tags) VALUES
(48, 2, 'Design Object Detection System for Autonomous Vehicles', 'hard',
'Design a real-time object detection system for autonomous vehicles that identifies and tracks pedestrians, vehicles, traffic signs, and obstacles.',
'["computer-vision", "object-detection", "autonomous-vehicles", "real-time", "safety-critical"]');

INSERT INTO ml_design_questions (question_id, scenario, requirements, evaluation_criteria, key_components) VALUES
(48,
'An autonomous vehicle system needs real-time object detection that:
- Detects multiple object types (cars, pedestrians, cyclists, signs)
- Runs in real-time (30+ FPS) on vehicle hardware
- Provides accurate bounding boxes and classifications
- Handles various weather and lighting conditions
- Maintains high recall (cannot miss critical objects)
- Integrates with sensor fusion (cameras, LiDAR, radar)
- Provides distance estimation and tracking

Safety is critical - false negatives can be catastrophic.',
'["Real-time processing (30+ FPS) with low latency (<50ms)", "High recall (>99% for critical objects like pedestrians)", "Detect multiple object classes simultaneously", "Handle challenging conditions (night, rain, fog)", "3D bounding boxes with distance estimation", "Object tracking across frames", "Sensor fusion (camera + LiDAR + radar)", "Run on edge hardware (GPUs in vehicle)", "Safety validation and redundancy"]',
'{"model_architecture": "Efficient real-time detection model (YOLO, SSD, etc.)", "accuracy_metrics": "mAP, recall for safety-critical classes", "real_time_performance": "Latency and throughput on edge hardware", "robustness": "Performance in adverse conditions", "sensor_fusion": "Integration of multiple sensor modalities", "tracking": "Multi-object tracking accuracy", "safety": "Fail-safe mechanisms and redundancy"}',
'["Multi-sensor Data Collection (Camera, LiDAR, Radar)", "Real-time Object Detection Model (YOLO, Faster R-CNN)", "3D Bounding Box Estimation", "Sensor Fusion Algorithm", "Multi-object Tracking (Kalman Filter, DeepSORT)", "Edge Deployment (TensorRT, ONNX optimization)", "Safety Validation & Testing", "Continuous Learning from Fleet Data", "Redundancy & Fail-safe Mechanisms"]');


-- Question 49: Design Machine Translation System
-- Design Machine Translation System (HARD)
INSERT INTO questions (id, category_id, title, difficulty, description, tags) VALUES
(49, 2, 'Design Machine Translation System', 'hard',
'Design a neural machine translation system like Google Translate that translates text between multiple languages with high quality.',
'["nlp", "machine-translation", "transformers", "multilingual", "seq2seq"]');

INSERT INTO ml_design_questions (question_id, scenario, requirements, evaluation_criteria, key_components) VALUES
(49,
'Build a machine translation system that:
- Supports 100+ language pairs
- Provides high-quality, fluent translations
- Handles domain-specific terminology
- Maintains context across sentences
- Works in real-time for web and mobile apps
- Handles informal language, slang, and idioms
- Preserves formatting and special characters

The system serves millions of translation requests per day across diverse domains.',
'["Support 100+ languages (10,000+ language pairs)", "High translation quality (BLEU score >30 for major pairs)", "Real-time translation (<1 second for typical sentences)", "Context-aware (consider previous sentences)", "Handle domain-specific terminology", "Low-resource language support", "Preserve formatting, punctuation, numbers", "API for high-throughput batch translation", "Continuous improvement from user feedback"]',
'{"model_architecture": "Transformer-based seq2seq model", "training_data": "Parallel corpus collection and preprocessing", "multilingual_strategy": "Multilingual vs bilingual models", "quality_metrics": "BLEU, METEOR, human evaluation", "contextual_understanding": "Document-level translation", "domain_adaptation": "Fine-tuning for specific domains", "serving_infrastructure": "Low-latency, high-throughput API", "feedback_loop": "Learning from user corrections"}',
'["Parallel Corpus Collection & Cleaning", "Tokenization & Subword Segmentation (BPE, SentencePiece)", "Transformer Model (Encoder-Decoder)", "Multilingual Training Strategy", "Beam Search Decoding", "Domain Adaptation Fine-tuning", "Quality Estimation Model", "Real-time Serving Infrastructure", "Human Feedback Integration", "Model Distillation for Efficiency"]');


-- Question 50: Design Credit Card Fraud Detection System
-- Design Credit Card Fraud Detection System (MEDIUM)
INSERT INTO questions (id, category_id, title, difficulty, description, tags) VALUES
(50, 2, 'Design Credit Card Fraud Detection System', 'medium',
'Design a real-time fraud detection system for credit card transactions that identifies fraudulent activities while minimizing false positives.',
'["fraud-detection", "classification", "real-time", "imbalanced-data", "anomaly-detection"]');

INSERT INTO ml_design_questions (question_id, scenario, requirements, evaluation_criteria, key_components) VALUES
(50,
'A payment processor handles millions of credit card transactions daily and needs a fraud detection system that:
- Analyzes transactions in real-time (<100ms)
- Detects various fraud patterns (stolen cards, account takeover, synthetic fraud)
- Minimizes false positives (legitimate transactions blocked)
- Adapts to new fraud tactics quickly
- Provides explainability for blocked transactions
- Handles imbalanced data (fraud rate <1%)

The system must balance security with user experience.',
'["Real-time scoring (<100ms per transaction)", "High fraud detection rate (>90% recall)", "Low false positive rate (<2%)", "Handle class imbalance (fraud <1% of transactions)", "Detect emerging fraud patterns quickly", "Explainable predictions for compliance", "Scale to millions of transactions per day", "Support multiple fraud types", "Feedback loop from fraud investigations"]',
'{"model_design": "Appropriate models for imbalanced classification", "feature_engineering": "Transaction, user, and behavioral features", "real_time_processing": "Streaming architecture for low latency", "handling_imbalance": "Sampling, weighting, or specialized algorithms", "adaptability": "Online learning or frequent retraining", "explainability": "SHAP values or rule-based explanations", "evaluation_metrics": "Precision, recall, F1, ROC-AUC for imbalanced data"}',
'["Real-time Transaction Feature Engineering", "Behavioral Analytics (velocity, patterns)", "Fraud Detection Model (Gradient Boosting, Neural Networks)", "Handling Class Imbalance (SMOTE, class weighting)", "Rule-based Detection for Known Patterns", "Anomaly Detection for Novel Fraud", "Real-time Scoring Infrastructure", "Explainability Module (SHAP, LIME)", "Feedback Loop from Fraud Investigations", "Model Monitoring & Retraining"]');

